country_name,country_code,twitter_handle,exclude
France,FRA,ExploreFranceEN,
United States,USA,BrandUSA,
China,CHN,SceneryofChina,yes
Spain,ESP,spain,
Mexico,MEX,WeVisitMexico,
Italy,ITA,Italia,
Poland,POL,PolandtravelUS,
Hungary,HUN,visit_hungary,
Croatia,HRV,Visit__Croatia,
Hong Kong,HKG,discoverhk,
Turkiye,TUR,GoTurkiye,
United Kingdom,GBR,VisitBritain,
Thailand,THA,AmazingThailand,
Germany,DEU,GermanyTourism,
Macao,MAC,macaousa,
Czech Republic,CZE,VisitCZ,
Greece,GRC,VisitGreecegr,
Denmark,DNK,GoVisitDenmark,
Canada,CAN,cdntourism,
Austria,AUT,Austria_UK,
Japan,JPN,Visit_Japan,
Malaysia,MYS,TourismMalaysia,
United Arab Emirates,ARE,visitdubai,
Russia,RUS,Russia,
Saudi Arabia,SAU,VisitSaudiNow,yes
Netherlands,NLD,Visit_NL,
Singapore,SGP,VisitSingapore,yes
Vietnam,VNM,,
India,IND,incredibleindia,
Korea,KOR,KoreanTravel,
Portugal,PRT,visitportugal,
Indonesia,IDN,wonderfulid,
South Africa,ZAF,SouthAfrica,
Ukraine,UKR,,
Morocco,MAR,Visit_Morocco_,
Egypt,EGY,ExperienceEgypt,
Romania,ROU,RomaniaTourism,
Bulgaria,BGR,,
Belarus,BLR,,
Switzerland,CHE,MySwitzerland_e,
Bahrain,BHR,,
Ireland,IRL,TourismIreland,
Australia,AUS,Australia,
Tunisia,TUN,DiscoverTUN,
Belgium,BEL,,
Iran,IRN,,
Kuwait,KWT,,
Kazakhstan,KAZ,,
Kyrgyz Republic,KGZ,visitKGZ,
Latvia,LVA,,
Philippines,PHL,TourismPHL,
Andorra,AND,,
Georgia,GEO,,
Sweden,SWE,visitsweden,
Dominican Republic,DOM,dominicanrep_UK,
Argentina,ARG,visitargentina,yes
Bahamas,BHS,Bahamas1,
Uzbekistan,UZB,uzb_travel,yes
Cambodia,KHM,,
Albania,ALB,,
Brazil,BRA,VisitBrasil,
Lithuania,LTU,,
Estonia,EST,visitestonia,
Norway,NOR,visitnorway,
Chile,CHL,chiletravel,
Jordan,JOR,VisitJordan,
Peru,PER,VisitPeru,
Puerto Rico,PRI,discover_PR,
Israel,ISR,,
Laos,LAO,laostourism,
Slovenia,SVN,SloveniaInfo,
Colombia,COL,colombia_travel,
Brunei,BRN,,
Paraguay,PRY,Visit_Paraguay,yes
Myanmar,MMR,,
Cuba,CUB,Visit_Cuba,
Jamaica,JAM,VisitJamaicaNow,
Cyprus,CYP,visitcyprus,
New Zealand,NZL,PureNewZealand,
Malta,MLT,VisitMalta,
Oman,OMN,ExperienceOman,
Uruguay,URY,,
Costa Rica,CRI,Visit_CostaRica,
Finland,FIN,OurFinland,
Azerbaijan,AZE,ExperienceAZE,
El Salvador,SLV,visitelsalvador,yes
Guatemala,GTM,VisitGuatemala,yes
Montenegro,MNE,SeeMontenegro,
Panama,PAN,,
Syria,SYR,,
Algeria,DZA,,
Cayman Islands,CYM,Cayman_Islands,
Honduras,HND,visithonduras,yes
Zimbabwe,ZWE,tourismzimbabwe,
Iceland,ISL,iceland,
Qatar,QAT,NTC_Qatar,
Ecuador,ECU,EcuadorTravel,
Virgin Islands,VIR,USVItourism,
Cote d'Ivoire,CIV,IvoireTourisme,yes
Kenya,KEN,magicalkenya,
Mozambique,MOZ,seemozambique,yes
Sri Lanka,LKA,tourismlk,
Sint Maarten,SXM,,
Aruba,ABW,aruba,
Lebanon,LBN,,
San Marino,SMR,VisitSanMarino,yes
Armenia,ARM,,
Serbia,SRB,serbiatourism,
Maldives,MDV,visitmaldives,
Belize,BLZ,belizevacation,
Guam,GUM,visitguam,
Namibia,NAM,Tourism_Board,
Rwanda,RWA,visitrwanda_now,
Uganda,UGA,ExploreUganda,
Tanzania,TZA,VisitTanzania1,
Nicaragua,NIC,visitnicaragua,
Mauritius,MUS,SeeMauritius,
Curacao,CUW,CuracaoTravel,
Zambia,ZMB,TourismZambia,
Bolivia,BOL,,
Eswatini,SWZ,eswatinitourism,
St. Lucia,LCA,Travel_StLucia,
Bosnia and Herzegovina,BIH,,
Nepal,NPL,nepaltourismb,
Lesotho,LSO,visitlesotho,
St. Kitts and Nevis,KNA,StKittsTourism,
Luxembourg,LUX,luxembourginfo,
Antigua and Barbuda,ATG,antiguabarbuda,
Cameroon,CMR,,
Fiji,FJI,TourismFiji,
Barbados,BRB,Barbados,
Haiti,HTI,,
Togo,TGO,TogoDestination,yes
Ethiopia,ETH,Landoforigins,
Bermuda,BMU,Bermuda,
Cabo Verde,CPV,,
North Macedonia,MKD,,
West Bank and Gaza,PSE,,
Mongolia,MNG,,
Gambia,GMB,visitthegambia,
Grenada,GRD,puregrenada,
Madagascar,MDG,IleMadagascar,
Trinidad and Tobago,TTO,exploretrinidad,
Seychelles,SYC,visitseychelles,
St. Vincent and the Grenadines,VCT,,
Monaco,MCO,VisitMonaco,
Benin,BEN,,
Bangladesh,BGD,,
Dominica,DMA,,
Bhutan,BTN,tourismbhutan,
Guyana,GUY,discoverguyana,
British Virgin Islands,VGB,BritishVirginIs,
French Polynesia,PYF,TahitiTourism,
Vanuatu,VUT,,
Angola,AGO,,
Mali,MLI,Malitourisme2,yes
Papua New Guinea,PNG,PNGTourismUK,
Niger,NER,,
Samoa,WSM,samoatourism,
Moldova,MDA,,
Burkina Faso,BFA,,
New Caledonia,NCL,,
Liechtenstein,LIE,LI_Travel,yes
Palau,PLW,,
Tonga,TON,,
Central African Republic,CAF,,
Chad,TCD,,
Timor-Leste,TLS,,
Sierra Leone,SLE,VisitSL,yes
Guinea-Bissau,GNB,,
Comoros,COM,,
Solomon Islands,SLB,,
American Samoa,ASM,,
Micronesia,FSM,,
Kiribati,KIR,KiribatiInfo,yes
Marshall Islands,MHL,,
Tuvalu,TUV,,
Afghanistan,AFG,VisitAFG,yes
Burundi,BDI,visit_burundi,yes
Botswana,BWA,BotswanaTourism,
Channel Islands,CHI,,
Congo,COD,VisitCongo_,yes
"Congo, Rep.",COG,,
Djibouti,DJI,,
Eritrea,ERI,,
Faroe Islands,FRO,VisitFaroe,
Gabon,GAB,,
Ghana,GHA,ghanatourismGTA,
Gibraltar,GIB,visit_gibraltar,
Guinea,GIN,GuineaTourism,yes
Equatorial Guinea,GNQ,,
Greenland,GRL,,
Isle of Man,IMN,,
Iraq,IRQ,,
Liberia,LBR,,
Libya,LBY,,
St. Martin,MAF,,
Mauritania,MRT,,
Malawi,MWI,TourismMalawi,
Nigeria,NGA,tournigeriang,
Nauru,NRU,,
Pakistan,PAK,PakistanJannatt,
North Korea,PRK,,
Sudan,SDN,,
Senegal,SEN,TourismeSenegal,yes
Somalia,SOM,,
South Sudan,SSD,VisitSouthSudan,
Sao Tome and Principe,STP,,
Suriname,SUR,,
Slovak Republic,SVK,,
Tajikistan,TJK,,
Turkmenistan,TKM,,
Venezuela,VEN,,
Kosovo,XKX,kosovotourism,yes
Yemen,YEM,,